{
  "w_chariot": 2338,
  "w_cannon": 791,
  "w_horse": 1186,
  "w_advisor": 356,
  "w_elephant": 305,
  "w_pawn": 371,
  "w_pawn_crossed": 108,
  "w_mob_chariot": 1.48593538588081,
  "w_mob_cannon": 1.2376571400589627,
  "w_mob_horse": 3.2615745808138303,
  "w_mob_advisor": 0.2490829919056503,
  "w_mob_elephant": 1.075331404833101,
  "w_mob_pawn": 1.9222129636967353,
  "w_mob_general": 0.5319435013038027,
  "w_aka_chariot": 19.221557853293866,
  "w_aka_knight": 18.601975063991233,
  "w_aka_cannon": 8.830217682223813,
  "w_aka_advisor": 5.379354850156824,
  "w_aka_elephant": 6.8060005614332875,
  "w_spc_chariot": 29.040587109164115,
  "w_spc_knight": 10.857518268671985,
  "w_spc_cannon": 14.939062247729755,
  "w_spc_advisor": 0.41704357590570285,
  "w_spc_elephant": 8.100468200101192,
  "w_chase": 6.769802638079727
}