{
  "w_chariot": 720,
  "w_cannon": 396,
  "w_horse": 516,
  "w_advisor": 243,
  "w_elephant": 102,
  "w_pawn": 76,
  "w_pawn_crossed": 110,
  "w_mob_chariot": 2.405106577797401,
  "w_mob_cannon": 1.6080948302888016,
  "w_mob_horse": 3.1231738471231467,
  "w_mob_advisor": 1.392626693996502,
  "w_mob_elephant": 0.7589561567209611,
  "w_mob_pawn": 0.20815618872806207,
  "w_mob_general": 0.6154016727466155,
  "w_aka_chariot": 0.7832741355230799,
  "w_aka_knight": 5.570255836185898,
  "w_aka_cannon": 5.30081282214637,
  "w_aka_advisor": 5.096903118762582,
  "w_aka_elephant": 4.491925470367391,
  "w_spc_chariot": 23.016150782456684,
  "w_spc_knight": 21.53998670630442,
  "w_spc_cannon": 27.628196261216075,
  "w_spc_advisor": 13.569607691609797,
  "w_spc_elephant": 2.6781486337626093,
  "w_chase": 6.324586731515174
}