{
  "w_chariot": 1005,
  "w_cannon": 454,
  "w_horse": 523,
  "w_advisor": 117,
  "w_elephant": 315,
  "w_pawn": 92,
  "w_pawn_crossed": 94,
  "w_mob_chariot": 3.0070462669414226,
  "w_mob_cannon": 1.6774736126434768,
  "w_mob_horse": 4.089735904531878,
  "w_mob_advisor": 1.3560669244189423,
  "w_mob_elephant": 0.5460644639387129,
  "w_mob_pawn": 1.8199909259494413,
  "w_mob_general": 0.5966083660431664,
  "w_aka_chariot": 4.496311653028096,
  "w_aka_knight": 17.349937067970796,
  "w_aka_cannon": 7.018971863157876,
  "w_aka_advisor": 0.3257466342161286,
  "w_aka_elephant": 5.567859209034988,
  "w_spc_chariot": 6.474004919675131,
  "w_spc_knight": 12.8476642831018,
  "w_spc_cannon": 20.23796037253577,
  "w_spc_advisor": 7.6241621512140405,
  "w_spc_elephant": 9.143567998644802,
  "w_chase": 2.62311785187591
}