agent1_name,agent2_name,agent1_color,winner,num_moves,move_count_1,move_count_2,total_time_1,total_time_2,total_nodes_1,total_nodes_2,avg_depth_1,avg_depth_2
Random,Minimax,red,agent2,64,32,32,0.1225898265838623,29.15737009048462,32,153079,,2.9375
Random,AlphaBeta,red,agent2,62,31,31,0.09946870803833008,27.5019371509552,31,85748,,3.3870967741935485
Random,MCTS,red,draw,200,100,100,0.48372364044189453,100.67267370223999,100,14027,,
Minimax,AlphaBeta,red,draw,200,100,100,28.51914405822754,74.5395975112915,241653,590574,2.99,5.32
Minimax,MCTS,red,agent1,53,27,26,21.245133876800537,26.06862998008728,184476,7733,2.962962962962963,
AlphaBeta,MCTS,red,agent1,29,15,14,13.393434762954712,14.041019916534424,39958,2781,3.8666666666666667,
